{"cameraMode":{"drawMode":0,"name":"Shaded","section":"Shading Mode"},"sceneLighting":true,"audioPlay":false,"sceneViewState":{"m_AlwaysRefresh":false,"showFog":true,"showSkybox":true,"showFlares":true,"showImageEffects":true,"showParticleSystems":true,"showVisualEffectGraphs":true,"m_FxEnabled":true},"in2DMode":false,"pivot":{"x":-0.3686695098876953,"y":1.178873062133789,"z":0.46970421075820925},"rotation":{"x":-0.2671535015106201,"y":0.6545329689979553,"z":-0.26699259877204897,"w":-0.6549264788627625},"size":11.318523406982422,"orthographic":false}